OMSID,Internet #,SKU #,UPC,GTIN,Vendor
332686467,1012973451.0,RRMTAG,198168361146,198168361146,Reach Right
312569755,1005166992.0,WO32,616609301150,616609301150,Nisus
312569769,1005166995.0,WO1G,616609301174,616609301174,Nisus
310910854,1004653154.0,SS100,855880004873,855880004873,SnakeSnare
333497838,1013169503.0,SnakeOut4lb,810096030634,810096030634,Nisus
312162142,1005054757.0,MRB4,616609303031,616609303031,Nisus
312162301,1005054788.0,FBA17oz,616609442013,616609442013,Nisus
333497783,1013169505.0,NiborDplusIGR,616609450070,616609450070,Nisus
333497901,1013169508.0,Dominant,616609333540,616609333540,Nisus
333497808,1005054768.0,Niban4lbShaker,616609222073,616609222073,Nisus
333497860,1013169516.0,NiborD5lb,616609888033,616609888033,Nisus
204697312,1000217946.0,F15,608866396369,6088663963690,Creative Compostie
204697316,1000217875.0,F20,608866396383,6088663963836,Creative Compostie
203165674,1002225424.0,4442,855880004002,855880004002,Post Protector
203165680,1000075354.0,4642,662425028344,6624250283446,Post Protector
203165684,1000076016.0,4660,662425028368,6624250283682,Post Protector
203165686,1000075967.0,6642,662425028375,6624250283750,Post Protector
203165692,1000076907.0,6660C6,662425028405,6624250284054,Post Protector
205459755,1000511032.0,6660R,855880004514,855880004514,Post Protector
318912169,1006983916.0,8860,850019230260,850019230260,Post Protector
322586684,1008500408.0,SBP99,850019230536,850019230536,Post Protector
324731108,1009287944.0,PPS24Kit,850019230598,850019230598,Post Proservative
329199104,1011502372.0,PCAP66,850058328201,850058328201,Post Protector
329199106,1011502375.0,PCAP44,850058328034,850058328034,Post Protector
312501204,1005151481.0,4430,855880004774,855880004774,Post Protector
318912168,1006983915.0,6630,850019230277,850019230277,Post Protector
204698513,1004159922.0,11-1-26-32,855880004286,855880004286,Zaca
204698535,1001392494.0,12-1-26-01,855880004170,855880004170,Zaca
204698536,1004159923.0,21-2-26-00,855880004187,855880004187,Zaca
204698538,1004159924.0,22-2-26-00,855880004200,855880004200,Zaca
204698540,1004159925.0,23-2-26-00,855880004224,855880004224,Zaca
204839326,1000046023.0,GB11,855880004316,855880004316,Zaca
324075078,1009062536.0,26-2-26-00,850019230581,850019230581,Zaca
204698537,1001392495.0,21-2-36-00,855880004194,855880004194,Zaca
204698539,1004159927.0,22-2-36-00,855880004217,855880004217,Zaca
204698666,1004159928.0,24-2-26-00,855880004231,855880004231,Zaca
204698667,1004159929.0,27-2-26-00,855880004248,855880004248,Zaca
204698668,1004159930.0,27-2-36-00,855880004255,855880004255,Zaca
204698669,1004159931.0,44-2-30-00,855880004293,855880004293,Zaca
204839337,1000046026.0,GB21,855880004330,855880004330,Zaca
204839325,1000046027.0,GB22,855880004347,855880004347,Zaca
323465430,1009044419.0,25-2-26-00,850019230574,850019230574,Zaca
330335163,1012439987.0,Hawes-923,850058328126,850058328126,HomeSelects
330335272,1012439988.0,Fenestra-924,850058328133,850058328133,HomeSelects
330335299,1012439989.0,Vanwalt-925,850058328140,850058328140,HomeSelects
330335314,1012439990.0,Vanwalt-92536,850058328157,850058328157,HomeSelects
330335447,1012439991.0,Prifma-926,850058328164,850058328164,HomeSelects
330335458,1012439993.0,Prifma-92636,850058328171,850058328171,HomeSelects
330335472,1012439998.0,Dimondi-927,850058328188,850058328188,HomeSelects
330335486,1012439999.0,Dimondi-92736,850058328195,850058328195,HomeSelects
330335489,1012440000.0,Framington-941,850058328218,850058328218,HomeSelects
330335502,1012440001.0,Ovala-942,850058328225,850058328225,HomeSelects
330335513,1012440002.0,Asiana-943,850058328232,850058328232,HomeSelects
330335525,1012440003.0,Rococco-944,850058328249,850058328249,HomeSelects
330335544,1012440005.0,Octavia-951,850058328256,850058328256,HomeSelects
330335556,1012440006.0,Moracca-952,850058328263,850058328263,HomeSelects
330335569,1012478202.0,Deco Mia-953,850058328027,850058328027,HomeSelects
204698726,1004160156.0,91-0-00-01,855880004279,855880004279,Zaca
318541448,1006938719.0,SL12WL,850019230086,850019230086,HomeSelects
204644251,,6106,854451003659,854451003659,HomeSelects
206170474,1001406869.0,6102,850251006104,850251006104,HomeSelects
318541515,1006950923.0,SL16LED,850019230062,850019230062,HomeSelects
318541496,1006950914.0,SL14LED,850019230055,850019230055,HomeSelects
318541520,1006950932.0,SL18LED,850019230079,850019230079,HomeSelects
329692292,1011532981.0,F01-ATVRM,95509532763,95509532763,Fucntion 101
329692303,1011532987.0,F01-ATVRM-BT,197644856398,197644856398,Fucntion 101
329878823,1011411549.0,F101-CBGRY,95509532701,95509532701,Fucntion 101
329878855,1011411550.0,F101-CBNVY,95509532725,95509532725,Fucntion 101
329878872,1011411551.0,F101-CBORG,95509532732,95509532732,Fucntion 101
329878890,1011411552.0,F101-CBPNK,95509532718,95509532718,Fucntion 101
329878902,1011411553.0,F101-CBBLU,95509532749,95509532749,Fucntion 101
333687112,1013473798.0,CordMate-OG,715786274575,715786274575,CordMate
333687199,1013473800.0,CordMate-Pro,659657575036,659657575036,CordMate
204068163,1000658683.0,BGF25,855880004095,855880004095,Agra
204068198,1000652680.0,BGM25,855880004088,855880004088,Agra
204068200,1000653621.0,BGC25,855880004071,855880004071,Agra
204068202,1000655629.0,BGF10,855880004064,855880004064,Agra
204068216,1000649609.0,BGC10,855880004040,855880004040,Agra
205548873,1004266113.0,EZD17,855880004415,855880004415,Ez Pole
205548874,1004266114.0,EZD21,855880004422,855880004422,Ez Pole
205549143,1004266140.0,EZC17,855880004446,855880004446,Ez Pole
205549144,1004266142.0,EZC21,855880004453,855880004453,Ez Pole
205549305,1004266145.0,EZL17,855880004460,855880004460,Ez Pole
205549306,1004266146.0,EZL21,855880004477,855880004477,Ez Pole
316221495,1006157810.0,EZL21B,850019230123,850019230123,Ez Pole
321083938,1007980915.0,EZRMWF,850019230307,850019230307,Ez Pole
325005890,1009560384.0,EZAA30,686091770499,686091770499,Ez Pole
325005891,1009560385.0,EZAA25,686091770062,686091770062,Ez Pole
321083543,1007996820.0,EZTHWF,850019230284,850019230284,Ez Pole
321083804,1007996821.0,EZTH,850019230291,850019230291,Ez Pole
322151471,1008471065.0,RV21D,850019230437,850019230437,Ez Pole
308679624,1002149547.0,EGL1,863331000015,863331000015,Gate Latch
329836161,1011857239.0,EGLAI1,863331000046,863331000046,Gate Latch
329725658,1011627831.0,TS20RE-2P,860010089705,860010089705,TorkStrap
329725660,1011627832.0,TS24HDRE-2P,860010089712,860010089712,TorkStrap
329725666,1011627833.0,TSOR,195893062256,195893062256,TorkStrap
329725618,1011627825.0,TS500-2P,195893750443,195893750443,TorkStrap
329725624,1011627826.0,TS500-4P,195893867790,195893867790,TorkStrap
329725629,1011627827.0,TS500-8P,850060022128,850060022128,TorkStrap
329725630,1011627828.0,TSHD750-2P,196852378838,196852378838,TorkStrap
329725642,1011627829.0,TSHD750-4P,860010089729,860010089729,TorkStrap
329725648,1011627830.0,TSHD750-8P,850060022135,850060022135,TorkStrap
307973384,1003952647.0,MMR1G,855880004552,855880004552,MMR
308067499,1003968422.0,MMRGCPK,855880004361,855880004361,MMR
308067555,1003968431.0,MMR32CPK,855880004378,855880004378,MMR
308067766,1003968493.0,MMR44SPL,855880004538,855880004538,MMR
309612030,1004352973.0,MMR32,855880004750,855880004750,MMR
308067405,,MMR2G,855880004309,855880004309,MMR
308067426,1003968409.0,MMR4G,855880004101,855880004101,MMR
305919014,1003327668.0,DSV1G,616609556017,616609556017,Nisus
318302686,1006900103.0,FF18,616609450063,616609450063,Nisus
320369860,1007776297.0,DSV1QT,616609556031,616609556031,Nisus
316770769,1006330964.0,N95MM10,850010995120,850010995120,SoftSeal
316770770,1006330961.0,N95MMV10,858123006993,858123006993,SoftSeal
308258792,1004020601.0,N95VFS3,858123006764,858123006764,SoftSeal
308258794,1004020602.0,N95VFM3,858123006757,858123006757,SoftSeal
308258795,1004020603.0,N95VFL3,858123006740,858123006740,SoftSeal
317458091,1006496354.0,N95L10,850019230185,850019230185,SoftSeal
317458105,1006496357.0,N95M10,850019230208,850019230208,SoftSeal
306722959,1003564449.0,N95VXL10,858123006566,858123006566,SoftSeal
306722960,1003564452.0,N95VL10,858123006573,858123006573,SoftSeal
306722961,1003564454.0,N95VM10,858123006580,858123006580,SoftSeal
305883522,1003321096.0,PSWP1G,616609777078,616609777078,Nisus
205436081,1000394319.0,D3.5-MG,718122019205,71812201920586,Handozer
301675588,1002430353.0,WS095,794504242614,794504242614,Weedshark
301680510,1002432648.0,WSPL,794504242515,794504242515,Weedshark
301675450,1002430324.0,WSPRO,705105726038,705105726038,Weedshark
301675465,1002430326.0,WSMM,794504782219,794504782219,Weedshark
301675544,1002430331.0,WSRING,736211924599,736211924599,Weedshark
301675554,1002430333.0,WSMMT,705105726236,705105726236,Weedshark
317911365,1006663181.0,CAP-CRV-400,860002486932,860002486932,CapSpot
317911391,1006663182.0,CAP-CRV-406,860002486925,860002486925,CapSpot
317916100,1006663189.0,CAP-FLT-202,860002486970,860002486970,CapSpot
317916044,1006663183.0,CAP-FLT-200,860002486901,860002486901,CapSpot
317916057,1006663184.0,CAP-FLT-206,860002486987,860002486987,CapSpot
317916060,1006663185.0,CAP-FLT-207,860002486949,860002486949,CapSpot
317916069,1006663186.0,CAP-FLT-204,860002486956,860002486956,CapSpot
317916080,1006663187.0,CAP-FLT-203,860002486963,860002486963,CapSpot
317916084,1006663188.0,CAP-FLT-201,860002486918,860002486918,CapSpot
333353262,1013566116.0,Oru-CFP-4Piece,850019230901,850019230901,Oru Kayak
333353354,1013566119.0,Oru-FGP-4Piece,850019230918,850019230918,Oru Kayak
333351875,1013089460.0,Oru-Inlet-W,860002695204,860002695204,Oru Kayak
333352532,1013089468.0,Oru-LakeSport-W,850042372395,850042372395,Oru Kayak
333352548,1013112685.0,Oru-BeachLT-W,864080000318,864080000318,Oru Kayak
333352641,1013112688.0,Oru-Lake-W,850042372388,850042372388,Oru Kayak
333352761,1013112689.0,Oru-Lake-B,850019230826,850019230826,Oru Kayak
333352768,1013112691.0,Oru-LakeSport-B,850019230833,850019230833,Oru Kayak
333352771,1013112694.0,Oru-Inlet-B,860007639340,860007639340,Oru Kayak
333352786,1013112695.0,InletSport-B,850019230840,850019230840,Oru Kayak
333352793,1013112697.0,Oru-BeachLT-B,850019230857,850019230857,Oru Kayak
333352798,1013112700.0,BeachLTSport-B,850019230864,850019230864,Oru Kayak
333352839,1013163184.0,Oru-BayST-W,864080000301,864080000301,Oru Kayak
333352878,1013148362.0,Oru-BayST-B,850019230871,850019230871,Oru Kayak
333352881,1013163185.0,Oru-CoastXT-W,864080000363,864080000363,Oru Kayak
333352882,1013148365.0,Oru-CoastXT-B,850019230888,850019230888,Oru Kayak
333352890,1013163187.0,Oru-HavenTT-W,860002695266,860002695266,Oru Kayak
333352893,1013148367.0,Oru-HavenTT-B,850019230895,850019230895,Oru Kayak
333353194,1013566120.0,Oru-Pdl-4Piece,867614000037,867614000037,Oru Kayak
